Id,Name,Description,ImageUrl,Rating,Population,Tags,SearchQuery
26,╨б╨░╨╜╨║╤В-╨Я╨╡╤В╨╡╤А╨▒╤Г╤А╨│,"╨Ъ╤Г╨╗╤М╤В╤Г╤А╨╜╨░╤П ╤Б╤В╨╛╨╗╨╕╤Ж╨░ ╤Б ╨▒╨╡╨╗╤Л╨╝╨╕ ╨╜╨╛╤З╨░╨╝╨╕, ╨┤╨▓╨╛╤А╤Ж╨░╨╝╨╕ ╨╕ ╨║╨░╨╜╨░╨╗╨░╨╝╨╕",https://raw.githubusercontent.com/KoStRuLyA-1234/travel-images/main/cities/saint_petersburg_1.jpg,4.9,5000000,"╨╕╤Б╤В╨╛╤А╨╕╤П,╨╝╤Г╨╖╨╡╨╕,╨░╤А╤Е╨╕╤В╨╡╨║╤В╤Г╤А╨░,╨╡╨┤╨░",Saint Petersburg Russia palace
34,╨б╤Г╨╖╨┤╨░╨╗╤М,╨Ю╤В╨║╤А╤Л╤В╤Л╨╣ ╨╝╤Г╨╖╨╡╨╣ ╨┐╨╛╨┤ ╨╜╨╡╨▒╨╛╨╝ тАФ ╨┤╤А╨╡╨▓╨╜╨╕╨╣ ╨│╨╛╤А╨╛╨┤ ╤Б 53 ╤Ж╨╡╤А╨║╨▓╤П╨╝╨╕ ╨╕ ╨╝╨╡╨┤╨╛╨▓╤Г╤Е╨╛╨╣,https://raw.githubusercontent.com/KoStRuLyA-1234/travel-images/main/cities/suzdal_1.jpg,4.9,10000,"╨╕╤Б╤В╨╛╤А╨╕╤П,╤А╨╡╨╗╨╕╨│╨╕╤П,╨░╤А╤Е╨╕╤В╨╡╨║╤В╤Г╤А╨░",Suzdal Russia golden ring
116,╨е╨░╨▒╨░╤А╨╛╨▓╤Б╨║,╨Р╨╝╤Г╤А╤Б╨║╨╕╨╣ ╨│╨╛╤А╨╛╨┤ ╤Б ╨╜╨░╨▒╨╡╤А╨╡╨╢╨╜╨╛╨╣ ╨╕ ╤В╨╕╨│╤А╨╛╨╝ ╨╜╨░ ╨│╨╡╤А╨▒╨╡ ╤Г ╨│╤А╨░╨╜╨╕╤Ж╤Л ╤Б ╨Ъ╨╕╤В╨░╨╡╨╝,https://raw.githubusercontent.com/KoStRuLyA-1234/travel-images/main/cities/khabarovsk_1.jpg,4.4,610000,"╨╕╤Б╤В╨╛╤А╨╕╤П,╨┐╤А╨╕╤А╨╛╨┤╨░,╨║╤Г╨╗╤М╤В╤Г╤А╨░",Khabarovsk Russia Amur river
22,╨Ь╨╛╤Б╨║╨▓╨░,"╨б╤В╨╛╨╗╨╕╤Ж╨░ ╨а╨╛╤Б╤Б╨╕╨╕ тАФ ╨│╨╛╤А╨╛╨┤ ╨║╨╛╨╜╤В╤А╨░╤Б╤В╨╛╨▓, ╨│╨┤╨╡ ╨┤╤А╨╡╨▓╨╜╨╕╨╡ ╤Б╨╛╨▒╨╛╤А╤Л ╤Б╨╛╤Б╨╡╨┤╤Б╤В╨▓╤Г╤О╤В ╤Б ╨╜╨╡╨▒╨╛╤Б╨║╤А╤С╨▒╨░╨╝╨╕",https://raw.githubusercontent.com/KoStRuLyA-1234/travel-images/main/cities/moscow_1.jpg,4.9,12000000,"╨╕╤Б╤В╨╛╤А╨╕╤П,╨░╤А╤Е╨╕╤В╨╡╨║╤В╤Г╤А╨░,╨╡╨┤╨░,╨╜╨╛╤З╨╜╨░╤П ╨╢╨╕╨╖╨╜╤М",Moscow Russia Red Square
112,╨Я╨╡╤А╨╝╤М,╨Ъ╤Г╨╗╤М╤В╤Г╤А╨╜╨░╤П ╤Б╤В╨╛╨╗╨╕╤Ж╨░ ╨г╤А╨░╨╗╨░ ╤Б ╨▒╨░╨╗╨╡╤В╨╛╨╝ ╨╕ ╨┐╨╡╤А╨╝╤Б╨║╨╕╨╝ ╨╖╨▓╨╡╤А╨╕╨╜╤Л╨╝ ╤Б╤В╨╕╨╗╨╡╨╝,https://raw.githubusercontent.com/KoStRuLyA-1234/travel-images/main/cities/perm_1.jpg,4.4,1050000,"╨║╤Г╨╗╤М╤В╤Г╤А╨░,╨╕╤Б╤В╨╛╤А╨╕╤П,╨┐╤А╨╕╤А╨╛╨┤╨░",Perm Russia Ural culture ballet
32,╨и╤Г╤П,╨г╤О╤В╨╜╤Л╨╣ ╨║╤Г╨┐╨╡╤З╨╡╤Б╨║╨╕╨╣ ╨│╨╛╤А╨╛╨┤╨╛╨║ ╤Б ╨▓╤Л╤Б╨╛╨║╨╛╨╣ ╨║╨╛╨╗╨╛╨║╨╛╨╗╤М╨╜╨╡╨╣ ╨╕ ╤В╨╕╤Е╨╕╨╝╨╕ ╤Г╨╗╨╛╤З╨║╨░╨╝╨╕,https://raw.githubusercontent.com/KoStRuLyA-1234/travel-images/main/cities/shuya_1.jpg,4.2,55000,"╨╕╤Б╤В╨╛╤А╨╕╤П,╨░╤А╤Е╨╕╤В╨╡╨║╤В╤Г╤А╨░,╨┐╤А╨╕╤А╨╛╨┤╨░",Shuya Russia historic town
67,╨Х╨║╨░╤В╨╡╤А╨╕╨╜╨▒╤Г╤А╨│,╨б╤В╨╛╨╗╨╕╤Ж╨░ ╨г╤А╨░╨╗╨░ тАФ ╨╝╨╡╤Б╤В╨╛ ╤А╨░╤Б╤Б╤В╤А╨╡╨╗╨░ ╤Ж╨░╤А╤Б╨║╨╛╨╣ ╤Б╨╡╨╝╤М╨╕ ╨╕ ╨▓╨╛╤А╨╛╤В╨░ ╨▓ ╨Р╨╖╨╕╤О,https://raw.githubusercontent.com/KoStRuLyA-1234/travel-images/main/cities/yekaterinburg_1.jpg,4.6,1500000,"╨╕╤Б╤В╨╛╤А╨╕╤П,╨░╤А╤Е╨╕╤В╨╡╨║╤В╤Г╤А╨░,╨║╤Г╨╗╤М╤В╤Г╤А╨░",Yekaterinburg Russia Ural city
77,╨Ъ╤А╨░╤Б╨╜╨╛╨┤╨░╤А,"╨о╨╢╨╜╨░╤П ╤Б╤В╨╛╨╗╨╕╤Ж╨░ ╤Б ╨┐╨╗╨░╤В╨░╨╜╨╛╨▓╤Л╨╝╨╕ ╨░╨╗╨╗╨╡╤П╨╝╨╕, ╨║╨░╨╖╨░╤З╤М╨╡╨╣ ╨╕╤Б╤В╨╛╤А╨╕╨╡╨╣ ╨╕ ╨▓╨║╤Г╤Б╨╜╨╛╨╣ ╨╡╨┤╨╛╨╣",https://raw.githubusercontent.com/KoStRuLyA-1234/travel-images/main/cities/krasnodar_1.jpg,4.5,900000,"╨╕╤Б╤В╨╛╤А╨╕╤П,╨╡╨┤╨░,╨║╤Г╨╗╤М╤В╤Г╤А╨░",Krasnodar Russia southern city
72,╨Ъ╤А╨░╤Б╨╜╨╛╤П╤А╤Б╨║,╨У╨╛╤А╨╛╨┤ ╤Г ╨Х╨╜╨╕╤Б╨╡╤П ╤Б ╨╖╨░╨┐╨╛╨▓╨╡╨┤╨╜╨╕╨║╨╛╨╝ ╨б╤В╨╛╨╗╨▒╤Л ╨╕ ╨▓╨╡╨╗╨╕╨║╨╛╨╗╨╡╨┐╨╜╨╛╨╣ ╤Б╨╕╨▒╨╕╤А╤Б╨║╨╛╨╣ ╨┐╤А╨╕╤А╨╛╨┤╨╛╨╣,https://raw.githubusercontent.com/KoStRuLyA-1234/travel-images/main/cities/krasnoyarsk_1.jpg,4.6,1100000,"╨┐╤А╨╕╤А╨╛╨┤╨░,╨░╨║╤В╨╕╨▓╨╜╤Л╨╣,╨║╤Г╨╗╤М╤В╤Г╤А╨░",Krasnoyarsk Russia Yenisei Stolby
106,╨Ы╨╕╨┐╨╡╤Ж╨║,╨Ь╨╡╤В╨░╨╗╨╗╤Г╤А╨│╨╕╤З╨╡╤Б╨║╨╕╨╣ ╨│╨╛╤А╨╛╨┤ ╤Б ╨║╤Г╤А╨╛╤А╤В╨╛╨╝ ╨╕ ╨╖╨░╨┐╨░╤Б╨░╨╝╨╕ ╤Ж╨╡╨╗╨╡╨▒╨╜╨╛╨╣ ╨▓╨╛╨┤╤Л,https://raw.githubusercontent.com/KoStRuLyA-1234/travel-images/main/cities/lipetsk_1.jpg,4.1,500000,"╨╕╤Б╤В╨╛╤А╨╕╤П,╨╖╨┤╨╛╤А╨╛╨▓╤М╨╡,╨┐╤А╨╕╤А╨╛╨┤╨░",Lipetsk Russia resort city
70,╨Э╨╛╨▓╨╛╤Б╨╕╨▒╨╕╤А╤Б╨║,╨б╤В╨╛╨╗╨╕╤Ж╨░ ╨б╨╕╨▒╨╕╤А╨╕ ╤Б ╨╛╨┐╨╡╤А╨╜╤Л╨╝ ╤В╨╡╨░╤В╤А╨╛╨╝ ╨╕ ╨Р╨║╨░╨┤╨╡╨╝╨│╨╛╤А╨╛╨┤╨║╨╛╨╝,https://raw.githubusercontent.com/KoStRuLyA-1234/travel-images/main/cities/novosibirsk_1.jpg,4.4,1600000,"╨║╤Г╨╗╤М╤В╤Г╤А╨░,╨╜╨░╤Г╨║╨░,╨░╤А╤Е╨╕╤В╨╡╨║╤В╤Г╤А╨░",Novosibirsk Russia Siberia opera
71,╨Ю╨╝╤Б╨║,╨б╨╕╨▒╨╕╤А╤Б╨║╨╕╨╣ ╨│╨╛╤А╨╛╨┤ ╤Б ╨┤╨╛╤Б╤В╨╛╨╡╨▓╤Б╨║╨╕╨╝ ╨┐╤А╨╛╤И╨╗╤Л╨╝ ╨╕ ╨║╤А╨░╤Б╨╕╨▓╨╛╨╣ ╨╜╨░╨▒╨╡╤А╨╡╨╢╨╜╨╛╨╣ ╨Ш╤А╤В╤Л╤И╨░,https://raw.githubusercontent.com/KoStRuLyA-1234/travel-images/main/cities/omsk_1.jpg,4.2,1100000,"╨╕╤Б╤В╨╛╤А╨╕╤П,╨║╤Г╨╗╤М╤В╤Г╤А╨░,╨┐╤А╨╕╤А╨╛╨┤╨░",Omsk Russia Irtysh river
94,╨Я╨╡╤В╤А╨╛╨╖╨░╨▓╨╛╨┤╤Б╨║,╨б╤В╨╛╨╗╨╕╤Ж╨░ ╨Ъ╨░╤А╨╡╨╗╨╕╨╕ ╤Г ╨Ю╨╜╨╡╨╢╤Б╨║╨╛╨│╨╛ ╨╛╨╖╨╡╤А╨░ тАФ ╨▓╨╛╤А╨╛╤В╨░ ╨║ ╨▓╨╛╨┤╨╛╨┐╨░╨┤╤Г ╨Ъ╨╕╨▓╨░╤З,https://raw.githubusercontent.com/KoStRuLyA-1234/travel-images/main/cities/petrozavodsk_1.jpg,4.4,270000,"╨┐╤А╨╕╤А╨╛╨┤╨░,╨║╤Г╨╗╤М╤В╤Г╤А╨░,╨╕╤Б╤В╨╛╤А╨╕╤П",Petrozavodsk Karelia Russia lake
93,╨Я╤Б╨║╨╛╨▓,╨Ф╤А╨╡╨▓╨╜╨╕╨╣ ╤Д╨╛╤А╨┐╨╛╤Б╤В ╤Б ╨╝╨╛╤Й╨╜╤Л╨╝ ╨║╤А╨╡╨╝╨╗╤С╨╝-╨┤╨╡╤В╨╕╨╜╤Ж╨╡╨╝ ╨╜╨░ ╤Б╨╗╨╕╤П╨╜╨╕╨╕ ╤А╨╡╨║,https://raw.githubusercontent.com/KoStRuLyA-1234/travel-images/main/cities/pskov_1.jpg,4.6,210000,"╨╕╤Б╤В╨╛╤А╨╕╤П,╨░╤А╤Е╨╕╤В╨╡╨║╤В╤Г╤А╨░,╨┐╤А╨╕╤А╨╛╨┤╨░",Pskov Russia kremlin ancient
61,╨б╨░╨╝╨░╤А╨░,"╨Т╨╛╨╗╨╢╤Б╨║╨╕╨╣ ╨│╨╛╤А╨╛╨┤ ╤Б ╨▒╤Г╨╜╨║╨╡╤А╨╛╨╝ ╨б╤В╨░╨╗╨╕╨╜╨░, ╨╜╨░╨▒╨╡╤А╨╡╨╢╨╜╨╛╨╣ ╨╕ ╨╖╨╜╨░╨╝╨╡╨╜╨╕╤В╤Л╨╝ ╨┐╨╕╨▓╨╛╨╝",https://raw.githubusercontent.com/KoStRuLyA-1234/travel-images/main/cities/samara_1.jpg,4.5,1200000,"╨╕╤Б╤В╨╛╤А╨╕╤П,╨┐╤А╨╕╤А╨╛╨┤╨░,╨╡╨┤╨░",Samara Russia Volga embankment
62,╨б╨░╤А╨░╤В╨╛╨▓,"╨У╨╛╤А╨╛╨┤ ╤Б ╨║╨╛╨╜╤Б╨╡╤А╨▓╨░╤В╨╛╤А╨╕╨╡╨╣, ╨╜╨░╨▒╨╡╤А╨╡╨╢╨╜╨╛╨╣ ╨╕ ╤А╨╛╨┤╨╕╨╜╨╛╨╣ ╨У╨░╨│╨░╤А╨╕╨╜╨░ ╤А╤П╨┤╨╛╨╝",https://raw.githubusercontent.com/KoStRuLyA-1234/travel-images/main/cities/saratov_1.jpg,4.3,840000,"╨╕╤Б╤В╨╛╤А╨╕╤П,╨║╤Г╨╗╤М╤В╤Г╤А╨░,╨┐╤А╨╕╤А╨╛╨┤╨░",Saratov Russia Volga city
109,╨б╨╝╨╛╨╗╨╡╨╜╤Б╨║,╨Ъ╤А╨╡╨┐╨╛╤Б╤В╤М-╤Б╤В╤А╨░╨╢ ╨╜╨░ ╨╖╨░╨┐╨░╨┤╨╜╤Л╤Е ╤А╤Г╨▒╨╡╨╢╨░╤Е ╤Б ╨╝╨╛╤Й╨╜╤Л╨╝╨╕ ╤Б╤В╨╡╨╜╨░╨╝╨╕ XVII ╨▓╨╡╨║╨░,https://raw.githubusercontent.com/KoStRuLyA-1234/travel-images/main/cities/smolensk_1.jpg,4.5,330000,"╨╕╤Б╤В╨╛╤А╨╕╤П,╨░╤А╤Е╨╕╤В╨╡╨║╤В╤Г╤А╨░,╨┐╤А╨╕╤А╨╛╨┤╨░",Smolensk Russia fortress ancient
107,╨в╨░╨╝╨▒╨╛╨▓,╨в╨╕╤Е╨╕╨╣ ╨│╨╛╤А╨╛╨┤ ╤В╨░╨╝╨▒╨╛╨▓╤Б╨║╨╛╨│╨╛ ╨▓╨╛╨╗╨║╨░ ╤Б ╤Г╤Б╨░╨┤╤М╨▒╨░╨╝╨╕ ╨╕ ╤Б╤В╨░╤А╨╕╨╜╨╜╤Л╨╝╨╕ ╤Ж╨╡╤А╨║╨▓╤П╨╝╨╕,https://raw.githubusercontent.com/KoStRuLyA-1234/travel-images/main/cities/tambov_1.jpg,4,280000,"╨╕╤Б╤В╨╛╤А╨╕╤П,╨┐╤А╨╕╤А╨╛╨┤╨░,╨║╤Г╨╗╤М╤В╤Г╤А╨░",Tambov Russia provincial city
100,╨в╤Г╨╗╨░,"╨У╨╛╤А╨╛╨┤ ╨┐╤А╤П╨╜╨╕╨║╨╛╨▓, ╤Б╨░╨╝╨╛╨▓╨░╤А╨╛╨▓ ╨╕ ╨╛╤А╤Г╨╢╨╡╨╣╨╜╤Л╤Е ╨╝╨░╤Б╤В╨╡╤А╨╛╨▓",https://raw.githubusercontent.com/KoStRuLyA-1234/travel-images/main/cities/tula_1.jpg,4.5,470000,"╨╕╤Б╤В╨╛╤А╨╕╤П,╨╡╨┤╨░,╨║╤Г╨╗╤М╤В╤Г╤А╨░",Tula Russia kremlin gingerbread samovar
75,╨з╨╕╤В╨░,╨Ч╨░╨▒╨░╨╣╨║╨░╨╗╤М╤Б╨║╨╕╨╣ ╨│╨╛╤А╨╛╨┤ тАФ ╤А╨╛╨┤╨╕╨╜╨░ ╨┤╨╡╨║╨░╨▒╤А╨╕╤Б╤В╨╛╨▓ ╨╜╨░ ╨┐╤Г╤В╨╕ ╨║ ╨С╨░╨╣╨║╨░╨╗╤Г,https://raw.githubusercontent.com/KoStRuLyA-1234/travel-images/main/cities/chita_1.jpg,4.1,340000,"╨╕╤Б╤В╨╛╤А╨╕╤П,╨┐╤А╨╕╤А╨╛╨┤╨░,╨║╤Г╨╗╤М╤В╤Г╤А╨░",Chita Russia Transbaikalia
53,╨п╤А╨╛╤Б╨╗╨░╨▓╨╗╤М,╨Я╨╡╤А╨▓╤Л╨╣ ╨│╨╛╤А╨╛╨┤ ╨Ч╨╛╨╗╨╛╤В╨╛╨│╨╛ ╨║╨╛╨╗╤М╤Ж╨░ ╤Б ╨╜╨░╨▒╨╡╤А╨╡╨╢╨╜╨╛╨╣ ╨Т╨╛╨╗╨│╨╕ ╨╕ ╤Б╤В╨░╤А╨╕╨╜╨╜╤Л╨╝╨╕ ╤Ж╨╡╤А╨║╨▓╤П╨╝╨╕,https://raw.githubusercontent.com/KoStRuLyA-1234/travel-images/main/cities/yaroslavl_1.jpg,4.7,600000,"╨╕╤Б╤В╨╛╤А╨╕╤П,╨░╤А╤Е╨╕╤В╨╡╨║╤В╤Г╤А╨░,╨┐╤А╨╕╤А╨╛╨┤╨░",Yaroslavl Russia Volga cathedral
140,╨п╨╗╤В╨░,╨Ц╨╡╨╝╤З╤Г╨╢╨╕╨╜╨░ ╨Ъ╤А╤Л╨╝╨░ тАФ ╨║╤Г╤А╨╛╤А╤В╨╜╤Л╨╣ ╨│╨╛╤А╨╛╨┤ ╨╜╨░ ╨▒╨╡╤А╨╡╨│╤Г ╨з╤С╤А╨╜╨╛╨│╨╛ ╨╝╨╛╤А╤П ╤Б ╨┤╨▓╨╛╤А╤Ж╨░╨╝╨╕ ╨╕ ╨╜╨░╨▒╨╡╤А╨╡╨╢╨╜╨╛╨╣,https://raw.githubusercontent.com/KoStRuLyA-1234/travel-images/main/cities/yalta_1.jpg,4.8,76746,"╨╝╨╛╤А╨╡,╨╕╤Б╤В╨╛╤А╨╕╤П,╨░╤А╤Е╨╕╤В╨╡╨║╤В╤Г╤А╨░",╨п╨╗╤В╨░ ╨Ъ╤А╤Л╨╝ ╨║╤Г╤А╨╛╤А╤В
141,╨б╨╡╨▓╨░╤Б╤В╨╛╨┐╨╛╨╗╤М,"╨У╨╛╤А╨╛╨┤ ╤А╤Г╤Б╤Б╨║╨╛╨╣ ╤Б╨╗╨░╨▓╤Л ╤Б ╨▒╤Г╤Е╤В╨░╨╝╨╕, ╨╕╤Б╤В╨╛╤А╨╕╤З╨╡╤Б╨║╨╕╨╝╨╕ ╤Г╨║╤А╨╡╨┐╨╗╨╡╨╜╨╕╤П╨╝╨╕ ╨╕ ╤З╨╕╤Б╤В╤Л╨╝ ╨╝╨╛╤А╨╡╨╝",https://raw.githubusercontent.com/KoStRuLyA-1234/travel-images/main/cities/sevastopol_1.jpg,4.7,509992,"╨╝╨╛╤А╨╡,╨╕╤Б╤В╨╛╤А╨╕╤П,╨░╤А╤Е╨╕╤В╨╡╨║╤В╤Г╤А╨░",╨б╨╡╨▓╨░╤Б╤В╨╛╨┐╨╛╨╗╤М ╨Ъ╤А╤Л╨╝ ╤Д╨╗╨╛╤В
142,╨С╨░╤Е╤З╨╕╤Б╨░╤А╨░╨╣,╨С╤Л╨▓╤И╨░╤П ╤Б╤В╨╛╨╗╨╕╤Ж╨░ ╨Ъ╤А╤Л╨╝╤Б╨║╨╛╨│╨╛ ╤Е╨░╨╜╤Б╤В╨▓╨░ ╤Б ╤Е╨░╨╜╤Б╨║╨╕╨╝ ╨┤╨▓╨╛╤А╤Ж╨╛╨╝ ╨╕ ╨┐╨╡╤Й╨╡╤А╨╜╤Л╨╝╨╕ ╨│╨╛╤А╨╛╨┤╨░╨╝╨╕,https://raw.githubusercontent.com/KoStRuLyA-1234/travel-images/main/cities/bakhchisaray_1.jpg,4.6,26361,"╨╕╤Б╤В╨╛╤А╨╕╤П,╨░╤А╤Е╨╕╤В╨╡╨║╤В╤Г╤А╨░,╨┐╤А╨╕╤А╨╛╨┤╨░",╨С╨░╤Е╤З╨╕╤Б╨░╤А╨░╨╣ ╨┤╨▓╨╛╤А╨╡╤Ж ╨┐╨╡╤Й╨╡╤А╤Л
143,╨б╤Г╨┤╨░╨║,╨У╨╛╤А╨╛╨┤ ╤Б ╨▓╨╡╨╗╨╕╤З╨╡╤Б╤В╨▓╨╡╨╜╨╜╨╛╨╣ ╨У╨╡╨╜╤Г╤Н╨╖╤Б╨║╨╛╨╣ ╨║╤А╨╡╨┐╨╛╤Б╤В╤М╤О ╨╕ ╨╗╤Г╤З╤И╨╕╨╝╨╕ ╨┐╨╗╤П╨╢╨░╨╝╨╕ ╨Ъ╤А╤Л╨╝╨░,https://raw.githubusercontent.com/KoStRuLyA-1234/travel-images/main/cities/sudak_1.jpg,4.6,16000,"╨╝╨╛╤А╨╡,╨╕╤Б╤В╨╛╤А╨╕╤П,╨┐╤А╨╕╤А╨╛╨┤╨░",╨б╤Г╨┤╨░╨║ ╨║╤А╨╡╨┐╨╛╤Б╤В╤М ╨┐╨╗╤П╨╢
73,╨Ш╤А╨║╤Г╤В╤Б╨║,╨Т╨╛╤А╨╛╤В╨░ ╨║ ╨С╨░╨╣╨║╨░╨╗╤Г ╤Б ╨┤╨╡╤А╨╡╨▓╤П╨╜╨╜╤Л╨╝╨╕ ╨╛╤Б╨╛╨▒╨╜╤П╨║╨░╨╝╨╕ ╨╕ ╤Б╨╕╨▒╨╕╤А╤Б╨║╨╕╨╝ ╨┤╤Г╤Е╨╛╨╝,https://raw.githubusercontent.com/KoStRuLyA-1234/travel-images/main/cities/irkutsk_1.jpg,4.7,620000,"╨╕╤Б╤В╨╛╤А╨╕╤П,╨┐╤А╨╕╤А╨╛╨┤╨░,╨░╤А╤Е╨╕╤В╨╡╨║╤В╤Г╤А╨░",Irkutsk Russia Baikal gateway
144,╨Я╤П╤В╨╕╨│╨╛╤А╤Б╨║,╨Ъ╤Г╤А╨╛╤А╤В╨╜╤Л╨╣ ╨│╨╛╤А╨╛╨┤ ╤Г ╨┐╨╛╨┤╨╜╨╛╨╢╨╕╤П ╨│╨╛╤А╤Л ╨Ь╨░╤И╤Г╨║ ╤Б ╨╝╨╕╨╜╨╡╤А╨░╨╗╤М╨╜╤Л╨╝╨╕ ╨╕╤Б╤В╨╛╤З╨╜╨╕╨║╨░╨╝╨╕ ╨╕ ╨▓╨╕╨┤╨░╨╝╨╕ ╨╜╨░ ╨Ъ╨░╨▓╨║╨░╨╖,https://raw.githubusercontent.com/KoStRuLyA-1234/travel-images/main/cities/pyatigorsk_1.jpg,4.5,145871,"╨┐╤А╨╕╤А╨╛╨┤╨░,╨╕╤Б╤В╨╛╤А╨╕╤П,╨║╤Г╤А╨╛╤А╤В",╨Я╤П╤В╨╕╨│╨╛╤А╤Б╨║ ╨Ъ╨Ь╨Т ╨Ы╨╡╤А╨╝╨╛╨╜╤В╨╛╨▓
145,╨Ъ╨╕╤Б╨╗╨╛╨▓╨╛╨┤╤Б╨║,╨б╨░╨╝╤Л╨╣ ╤Б╨╛╨╗╨╜╨╡╤З╨╜╤Л╨╣ ╨║╤Г╤А╨╛╤А╤В ╨а╨╛╤Б╤Б╨╕╨╕ ╤Б ╨╜╨░╤А╨╖╨░╨╜╨╛╨╝ ╨╕ ╨╖╨╜╨░╨╝╨╡╨╜╨╕╤В╤Л╨╝ ╨║╤Г╤А╨╛╤А╤В╨╜╤Л╨╝ ╨┐╨░╤А╨║╨╛╨╝,https://raw.githubusercontent.com/KoStRuLyA-1234/travel-images/main/cities/kislovodsk_1.jpg,4.7,128442,"╨┐╤А╨╕╤А╨╛╨┤╨░,╨║╤Г╤А╨╛╤А╤В,╨┐╨░╤А╨║",╨Ъ╨╕╤Б╨╗╨╛╨▓╨╛╨┤╤Б╨║ ╨╜╨░╤А╨╖╨░╨╜ ╨┐╨░╤А╨║
146,╨Ф╨╡╤А╨▒╨╡╨╜╤В,╨Ф╤А╨╡╨▓╨╜╨╡╨╣╤И╨╕╨╣ ╨│╨╛╤А╨╛╨┤ ╨а╨╛╤Б╤Б╨╕╨╕ ╤Б ╨║╤А╨╡╨┐╨╛╤Б╤В╤М╤О ╨Э╨░╤А╤Л╨╜-╨Ъ╨░╨╗╨░ ╨╕ ╤Г╨╜╨╕╨║╨░╨╗╤М╨╜╨╛╨╣ ╨╝╨╜╨╛╨│╨╛╨▓╨╡╨║╨╛╨▓╨╛╨╣ ╨╕╤Б╤В╨╛╤А╨╕╨╡╨╣,https://raw.githubusercontent.com/KoStRuLyA-1234/travel-images/main/cities/derbent_1.jpg,4.6,126895,"╨╕╤Б╤В╨╛╤А╨╕╤П,╨░╤А╤Е╨╕╤В╨╡╨║╤В╤Г╤А╨░,╨║╤Г╨╗╤М╤В╤Г╤А╨░",╨Ф╨╡╤А╨▒╨╡╨╜╤В ╨║╤А╨╡╨┐╨╛╤Б╤В╤М ╨Ф╨░╨│╨╡╤Б╤В╨░╨╜
147,╨Ъ╨╛╤Б╤В╤А╨╛╨╝╨░,╨а╨╛╨┤╨╕╨╜╨░ ╨б╨╜╨╡╨│╤Г╤А╨╛╤З╨║╨╕ ╨╕ ╤Ж╨╡╨╜╤В╤А ╤О╨▓╨╡╨╗╨╕╤А╨╜╨╛╨│╨╛ ╨┤╨╡╨╗╨░ ╨╜╨░ ╨▒╨╡╤А╨╡╨│╤Г ╨Т╨╛╨╗╨│╨╕,https://raw.githubusercontent.com/KoStRuLyA-1234/travel-images/main/cities/kostroma_1.jpg,4.5,277653,"╨╕╤Б╤В╨╛╤А╨╕╤П,╨░╤А╤Е╨╕╤В╨╡╨║╤В╤Г╤А╨░,╨┐╤А╨╕╤А╨╛╨┤╨░",╨Ъ╨╛╤Б╤В╤А╨╛╨╝╨░ ╨Ч╨╛╨╗╨╛╤В╨╛╨╡ ╨║╨╛╨╗╤М╤Ж╨╛ ╨Т╨╛╨╗╨│╨░
148,╨в╨╛╨╝╤Б╨║,╨б╤В╤Г╨┤╨╡╨╜╤З╨╡╤Б╨║╨░╤П ╤Б╤В╨╛╨╗╨╕╤Ж╨░ ╨б╨╕╨▒╨╕╤А╨╕ ╤Б ╨┤╨╡╤А╨╡╨▓╤П╨╜╨╜╤Л╨╝ ╨╖╨╛╨┤╤З╨╡╤Б╤В╨▓╨╛╨╝ ╨╕ ╤Г╨╜╨╕╨▓╨╡╤А╤Б╨╕╤В╨╡╤В╨░╨╝╨╕,https://raw.githubusercontent.com/KoStRuLyA-1234/travel-images/main/cities/tomsk_1.jpg,4.5,569425,"╨╕╤Б╤В╨╛╤А╨╕╤П,╨░╤А╤Е╨╕╤В╨╡╨║╤В╤Г╤А╨░,╨║╤Г╨╗╤М╤В╤Г╤А╨░",╨в╨╛╨╝╤Б╨║ ╨б╨╕╨▒╨╕╤А╤М ╤Г╨╜╨╕╨▓╨╡╤А╤Б╨╕╤В╨╡╤В
149,╨п╨║╤Г╤В╤Б╨║,╨б╨░╨╝╤Л╨╣ ╤Е╨╛╨╗╨╛╨┤╨╜╤Л╨╣ ╨│╨╛╤А╨╛╨┤ ╨╝╨╕╤А╨░ тАФ ╤Б╤В╨╛╨╗╨╕╤Ж╨░ ╨▓╨╡╤З╨╜╨╛╨╣ ╨╝╨╡╤А╨╖╨╗╨╛╤В╤Л ╨╕ ╨░╨╗╨╝╨░╨╖╨╜╨╛╨│╨╛ ╨║╤А╨░╤П,https://raw.githubusercontent.com/KoStRuLyA-1234/travel-images/main/cities/yakutsk_1.jpg,4.4,369554,"╨┐╤А╨╕╤А╨╛╨┤╨░,╤Н╨║╨╖╨╛╤В╨╕╨║╨░,╨║╤Г╨╗╤М╤В╤Г╤А╨░",╨п╨║╤Г╤В╤Б╨║ ╨╝╨╡╤А╨╖╨╗╨╛╤В╨░ ╨░╨╗╨╝╨░╨╖╤Л
104,╨Ю╤А╤С╨╗,╨Ы╨╕╤В╨╡╤А╨░╤В╤Г╤А╨╜╨░╤П ╤Б╤В╨╛╨╗╨╕╤Ж╨░ ╨а╨╛╤Б╤Б╨╕╨╕ тАФ ╤А╨╛╨┤╨╕╨╜╨░ ╨в╤Г╤А╨│╨╡╨╜╨╡╨▓╨░ ╨╕ ╨Ы╨╡╤Б╨║╨╛╨▓╨░,https://raw.githubusercontent.com/KoStRuLyA-1234/travel-images/main/cities/orel_1.jpg,4.3,290000,"╨╕╤Б╤В╨╛╤А╨╕╤П,╨╗╨╕╤В╨╡╤А╨░╤В╤Г╤А╨░,╨║╤Г╨╗╤М╤В╤Г╤А╨░",Orel Russia literary city
59,╨Ъ╨░╨╖╨░╨╜╤М,╨У╨╛╤А╨╛╨┤ ╨│╨┤╨╡ ╨▓╤Б╤В╤А╨╡╤З╨░╤О╤В╤Б╤П ╨┤╨▓╨╡ ╨║╤Г╨╗╤М╤В╤Г╤А╤Л тАФ ╤А╤Г╤Б╤Б╨║╨░╤П ╨╕ ╤В╨░╤В╨░╤А╤Б╨║╨░╤П,https://raw.githubusercontent.com/KoStRuLyA-1234/travel-images/main/cities/kazan_1.jpg,4.8,1200000,"╨╕╤Б╤В╨╛╤А╨╕╤П,╨╡╨┤╨░,╨░╤А╤Е╨╕╤В╨╡╨║╤В╤Г╤А╨░",Kazan Russia Kremlin Tatarstan
76,╨б╨╛╤З╨╕,"╨з╨╡╤А╨╜╨╛╨╝╨╛╤А╤Б╨║╨╕╨╣ ╨║╤Г╤А╨╛╤А╤В ╤Б ╨│╨╛╤А╨░╨╝╨╕, ╨┐╨╗╤П╨╢╨░╨╝╨╕ ╨╕ ╨╛╨╗╨╕╨╝╨┐╨╕╨╣╤Б╨║╨╕╨╝ ╨╜╨░╤Б╨╗╨╡╨┤╨╕╨╡╨╝",https://raw.githubusercontent.com/KoStRuLyA-1234/travel-images/main/cities/sochi_1.jpg,4.7,400000,"╨╝╨╛╤А╨╡,╨┐╤А╨╕╤А╨╛╨┤╨░,╨░╨║╤В╨╕╨▓╨╜╤Л╨╣",Sochi Russia Black Sea mountains
96,╨Р╤А╤Е╨░╨╜╨│╨╡╨╗╤М╤Б╨║,╨У╨╛╤А╨╛╨┤ ╤Г ╨С╨╡╨╗╨╛╨│╨╛ ╨╝╨╛╤А╤П тАФ ╨┐╨╡╤А╨▓╤Л╨╣ ╨╝╨╛╤А╤Б╨║╨╛╨╣ ╨┐╨╛╤А╤В ╨а╨╛╤Б╤Б╨╕╨╕ ╨╕ ╨▓╨╛╤А╨╛╤В╨░ ╨▓ ╨Р╤А╨║╤В╨╕╨║╤Г,https://raw.githubusercontent.com/KoStRuLyA-1234/travel-images/main/cities/arkhangelsk_1.jpg,4.3,340000,"╨╕╤Б╤В╨╛╤А╨╕╤П,╨┐╤А╨╕╤А╨╛╨┤╨░,╨╝╨╛╤А╨╡",Arkhangelsk Russia White Sea Arctic
101,╨а╤П╨╖╨░╨╜╤М,╨Ф╤А╨╡╨▓╨╜╤П╤П ╤Б╤В╨╛╨╗╨╕╤Ж╨░ ╤Б ╨║╤А╨╡╨╝╨╗╤С╨╝ ╨╜╨░╨┤ ╨Ю╨║╨╛╨╣ ╨╕ ╤А╨╛╨┤╨╕╨╜╨╛╨╣ ╨Х╤Б╨╡╨╜╨╕╨╜╨░ ╤А╤П╨┤╨╛╨╝,https://raw.githubusercontent.com/KoStRuLyA-1234/travel-images/main/cities/ryazan_1.jpg,4.4,540000,"╨╕╤Б╤В╨╛╤А╨╕╤П,╨░╤А╤Е╨╕╤В╨╡╨║╤В╤Г╤А╨░,╨┐╤А╨╕╤А╨╛╨┤╨░",Ryazan Russia kremlin Oka
65,╨Р╤Б╤В╤А╨░╤Е╨░╨╜╤М,╨о╨╢╨╜╤Л╨╣ ╤Д╨╛╤А╨┐╨╛╤Б╤В ╨а╨╛╤Б╤Б╨╕╨╕ ╤Б ╨║╤А╨╡╨╝╨╗╤С╨╝ ╤Г ╨┤╨╡╨╗╤М╤В╤Л ╨Т╨╛╨╗╨│╨╕ ╨╕ ╨░╤А╨▒╤Г╨╖╨╜╤Л╨╝╨╕ ╨▒╨░╤Е╤З╨░╨╝╨╕,https://raw.githubusercontent.com/KoStRuLyA-1234/travel-images/main/cities/astrakhan_2.jpg,4.4,510000,"╨╕╤Б╤В╨╛╤А╨╕╤П,╨┐╤А╨╕╤А╨╛╨┤╨░,╨╡╨┤╨░",Astrakhan Russia Volga delta kremlin
115,╨Т╨╗╨░╨┤╨╕╨▓╨╛╤Б╤В╨╛╨║,"╨в╨╕╤Е╨╛╨╛╨║╨╡╨░╨╜╤Б╨║╨╕╨╡ ╨▓╨╛╤А╨╛╤В╨░ ╨а╨╛╤Б╤Б╨╕╨╕ ╤Б ╨╝╨╛╤Б╤В╨░╨╝╨╕, ╤Б╨╛╨┐╨║╨░╨╝╨╕ ╨╕ ╨╝╨╛╤А╨╡╨┐╤А╨╛╨┤╤Г╨║╤В╨░╨╝╨╕",https://raw.githubusercontent.com/KoStRuLyA-1234/travel-images/main/cities/vladivostok_1.jpg,4.7,600000,"╨╝╨╛╤А╨╡,╨╕╤Б╤В╨╛╤А╨╕╤П,╨╡╨┤╨░",Vladivostok Russia Pacific Ocean bridge
63,╨Т╨╛╨╗╨│╨╛╨│╤А╨░╨┤,╨У╨╛╤А╨╛╨┤-╨│╨╡╤А╨╛╨╣ ╤Б╨╛ ╤Б╨║╤Г╨╗╤М╨┐╤В╤Г╤А╨╛╨╣ ╨а╨╛╨┤╨╕╨╜╤Л-╨╝╨░╤В╨╡╤А╨╕ ╨╕ ╨▓╨╡╨╗╨╕╨║╨╛╨╣ ╨╕╤Б╤В╨╛╤А╨╕╨╡╨╣,https://raw.githubusercontent.com/KoStRuLyA-1234/travel-images/main/cities/volgograd_1.jpg,4.6,1000000,"╨╕╤Б╤В╨╛╤А╨╕╤П,╨┐╨░╨╝╤П╤В╤М,╨░╤А╤Е╨╕╤В╨╡╨║╤В╤Г╤А╨░",Volgograd Russia Motherland statue
97,╨Т╨╛╨╗╨╛╨│╨┤╨░,╨У╨╛╤А╨╛╨┤ ╨║╤А╤Г╨╢╨╡╨▓╨░ ╤Б ╨▒╨╡╨╗╨╛╨║╨░╨╝╨╡╨╜╨╜╤Л╨╝ ╨║╤А╨╡╨╝╨╗╤С╨╝ ╨╕ ╨┤╨╡╤А╨╡╨▓╤П╨╜╨╜╤Л╨╝╨╕ ╤В╨╡╤А╨╡╨╝╨░╨╝╨╕,https://raw.githubusercontent.com/KoStRuLyA-1234/travel-images/main/cities/vologda_1.jpg,4.5,310000,"╨╕╤Б╤В╨╛╤А╨╕╤П,╨░╤А╤Е╨╕╤В╨╡╨║╤В╤Г╤А╨░,╨║╤Г╨╗╤М╤В╤Г╤А╨░",Vologda Russia lace kremlin
98,╨Ъ╨░╨╗╨╕╨╜╨╕╨╜╨│╤А╨░╨┤,╨С╤Л╨▓╤И╨╕╨╣ ╨Ъ╤С╨╜╨╕╨│╤Б╨▒╨╡╤А╨│ тАФ ╤А╨╛╤Б╤Б╨╕╨╣╤Б╨║╨╕╨╣ ╤Н╨║╤Б╨║╨╗╨░╨▓ ╤Б ╨╜╨╡╨╝╨╡╤Ж╨║╨╕╨╝╨╕ ╨╖╨░╨╝╨║╨░╨╝╨╕ ╨╕ ╤П╨╜╤В╨░╤А╤С╨╝,https://raw.githubusercontent.com/KoStRuLyA-1234/travel-images/main/cities/kaliningrad_1.jpg,4.7,480000,"╨╕╤Б╤В╨╛╤А╨╕╤П,╨░╤А╤Е╨╕╤В╨╡╨║╤В╤Г╤А╨░,╨╝╨╛╤А╨╡",Kaliningrad Russia Germany castle amber
95,╨Ь╤Г╤А╨╝╨░╨╜╤Б╨║,╨б╨░╨╝╤Л╨╣ ╨▒╨╛╨╗╤М╤И╨╛╨╣ ╨│╨╛╤А╨╛╨┤ ╨╖╨░ ╨Я╨╛╨╗╤П╤А╨╜╤Л╨╝ ╨║╤А╤Г╨│╨╛╨╝ ╤Б ╨┐╨╛╨╗╤П╤А╨╜╤Л╨╝ ╤Б╨╕╤П╨╜╨╕╨╡╨╝ ╨╕ ╨░╤В╨╛╨╝╨╜╤Л╨╝ ╨╗╨╡╨┤╨╛╨║╨╛╨╗╨╛╨╝,https://raw.githubusercontent.com/KoStRuLyA-1234/travel-images/main/cities/murmansk_1.jpg,4.6,280000,"╨┐╤А╨╕╤А╨╛╨┤╨░,╨╕╤Б╤В╨╛╤А╨╕╤П,╨░╨║╤В╨╕╨▓╨╜╤Л╨╣",Murmansk Russia Arctic northern lights
60,╨Э╨╕╨╢╨╜╨╕╨╣ ╨Э╨╛╨▓╨│╨╛╤А╨╛╨┤,╨У╨╛╤А╨╛╨┤ ╨╜╨░ ╤Б╨╗╨╕╤П╨╜╨╕╨╕ ╨Т╨╛╨╗╨│╨╕ ╨╕ ╨Ю╨║╨╕ ╤Б ╨║╤А╨╡╨╝╨╗╤С╨╝ ╨╕ ╨║╤Г╨┐╨╡╤З╨╡╤Б╨║╨╕╨╝╨╕ ╨╛╤Б╨╛╨▒╨╜╤П╨║╨░╨╝╨╕,https://raw.githubusercontent.com/KoStRuLyA-1234/travel-images/main/cities/nizhniy_novgorod_1.jpg,4.7,1200000,"╨╕╤Б╤В╨╛╤А╨╕╤П,╨░╤А╤Е╨╕╤В╨╡╨║╤В╤Г╤А╨░,╨╡╨┤╨░",Nizhny Novgorod Russia kremlin Volga
78,╨а╨╛╤Б╤В╨╛╨▓-╨╜╨░-╨Ф╨╛╨╜╤Г,╨Т╨╛╤А╨╛╤В╨░ ╨Ъ╨░╨▓╨║╨░╨╖╨░ тАФ ╤О╨╢╨╜╤Л╨╣ ╨╝╨╡╨│╨░╨┐╨╛╨╗╨╕╤Б ╨╜╨░ ╨▒╨╡╤А╨╡╨│╤Г ╨Ф╨╛╨╜╨░,https://raw.githubusercontent.com/KoStRuLyA-1234/travel-images/main/cities/rostov_na_donu_1.jpg,4.4,1100000,"╨╕╤Б╤В╨╛╤А╨╕╤П,╨╡╨┤╨░,╨║╤Г╨╗╤М╤В╤Г╤А╨░",Rostov-on-Don Russia Don river
110,╨г╤Д╨░,"╨б╤В╨╛╨╗╨╕╤Ж╨░ ╨С╨░╤И╨║╨╕╤А╨╕╨╕ ╤Б ╨╝╤С╨┤╨╛╨╝, ╨║╤Г╨╝╤Л╤Б╨╛╨╝ ╨╕ ╤В╤А╨░╨┤╨╕╤Ж╨╕╤П╨╝╨╕ ╨┤╨▓╤Г╤Е ╨╜╨░╤А╨╛╨┤╨╛╨▓",https://raw.githubusercontent.com/KoStRuLyA-1234/travel-images/main/cities/ufa_1.jpg,4.3,1100000,"╨╕╤Б╤В╨╛╤А╨╕╤П,╨║╤Г╨╗╤М╤В╤Г╤А╨░,╨┐╤А╨╕╤А╨╛╨┤╨░",Ufa Russia Bashkiria city
66,╨з╨╡╨▒╨╛╨║╤Б╨░╤А╤Л,"╨б╤В╨╛╨╗╨╕╤Ж╨░ ╨з╤Г╨▓╨░╤И╨╕╨╕ ╤Б ╨╖╨░╨╗╨╕╨▓╨╛╨╝, ╨╜╨░╨▒╨╡╤А╨╡╨╢╨╜╨╛╨╣ ╨╕ ╤Г╨╜╨╕╨║╨░╨╗╤М╨╜╨╛╨╣ ╨║╤Г╨╗╤М╤В╤Г╤А╨╛╨╣",https://raw.githubusercontent.com/KoStRuLyA-1234/travel-images/main/cities/cheboksary_1.jpg,4.3,490000,"╨╕╤Б╤В╨╛╤А╨╕╤П,╨║╤Г╨╗╤М╤В╤Г╤А╨░,╨┐╤А╨╕╤А╨╛╨┤╨░",Cheboksary Russia Volga bay
92,╨Т╨╡╨╗╨╕╨║╨╕╨╣ ╨Э╨╛╨▓╨│╨╛╤А╨╛╨┤,╨а╨╛╨┤╨╕╨╜╨░ ╤А╨╛╤Б╤Б╨╕╨╣╤Б╨║╨╛╨╣ ╨│╨╛╤Б╤Г╨┤╨░╤А╤Б╤В╨▓╨╡╨╜╨╜╨╛╤Б╤В╨╕ ╤Б ╨║╤А╨╡╨╝╨╗╤С╨╝ ╨╕ ╨▒╨╡╤А╨╡╤Б╤В╤П╨╜╤Л╨╝╨╕ ╨│╤А╨░╨╝╨╛╤В╨░╨╝╨╕,https://raw.githubusercontent.com/KoStRuLyA-1234/travel-images/main/cities/veliky_novgorod_1.jpg,4.7,220000,"╨╕╤Б╤В╨╛╤А╨╕╤П,╨░╤А╤Е╨╕╤В╨╡╨║╤В╤Г╤А╨░,╤А╨╡╨╗╨╕╨│╨╕╤П",Veliky Novgorod Russia kremlin
52,╨Т╨╗╨░╨┤╨╕╨╝╨╕╤А,╨Ф╤А╨╡╨▓╨╜╤П╤П ╤Б╤В╨╛╨╗╨╕╤Ж╨░ ╤Б ╨▒╨╡╨╗╨╛╨║╨░╨╝╨╡╨╜╨╜╤Л╨╝╨╕ ╤Б╨╛╨▒╨╛╤А╨░╨╝╨╕ ╨┐╨╛╨┤ ╨╖╨░╤Й╨╕╤В╨╛╨╣ ╨о╨Э╨Х╨б╨Ъ╨Ю,https://raw.githubusercontent.com/KoStRuLyA-1234/travel-images/main/cities/vladimir_1.jpg,4.7,350000,"╨╕╤Б╤В╨╛╤А╨╕╤П,╨░╤А╤Е╨╕╤В╨╡╨║╤В╤Г╤А╨░,╤А╨╡╨╗╨╕╨│╨╕╤П",Vladimir Russia white stone cathedral
31,╨Ш╨▓╨░╨╜╨╛╨▓╨╛,╨У╨╛╤А╨╛╨┤ ╨╜╨╡╨▓╨╡╤Б╤В ╨╕ ╤Б╨╕╤В╤Ж╨╡╨▓╤Л╨╣ ╨║╤А╨░╨╣ тАФ ╤Б╤В╨╛╨╗╨╕╤Ж╨░ ╤В╨╡╨║╤Б╤В╨╕╨╗╤М╨╜╨╛╨╣ ╨┐╤А╨╛╨╝╤Л╤И╨╗╨╡╨╜╨╜╨╛╤Б╤В╨╕ ╨а╨╛╤Б╤Б╨╕╨╕,https://raw.githubusercontent.com/KoStRuLyA-1234/travel-images/main/cities/ivanovo_2.jpg,4.3,400000,"╨╕╤Б╤В╨╛╤А╨╕╤П,╨░╤А╤Е╨╕╤В╨╡╨║╤В╤Г╤А╨░,╤И╨╛╨┐╨╕╨╜╨│",Ivanovo Russia city
